﻿pos_x,pos_y,rotation,side,designator,mpn,pack,footprint,value,mount_type,place
92.095,-292.1,0.0,top,C1,,,C_Disc_D5.0mm_W2.5mm_P2.50mm,"0,1 uF",tht,True
102.87,-278.13,180.0,top,C2,,,C_Disc_D5.0mm_W2.5mm_P2.50mm,"0,1 uF",tht,True
92.652179,-280.855162,0.0,top,C3,,,CP_Radial_D5.0mm_P2.50mm,10 uF,tht,True
104.5,-260.0,180.0,top,C5,,,CP_Radial_D5.0mm_P2.50mm,0.1 uF,tht,True
110.49,-252.73,0.0,top,J1,,,PinHeader_1x19_P2.54mm_Vertical,MCU1-19,tht,True
105.41,-267.97,0.0,top,J10,,,PinSocket_1x03_P2.54mm_Vertical,Touch,tht,True
93.98,-258.445,0.0,top,J11,,,PinSocket_1x08_P2.54mm_Vertical,TFT,tht,True
161.29,-257.81,180.0,top,J12,,,PinSocket_1x02_P2.54mm_Vertical,left LED,tht,True
153.67,-257.81,180.0,top,J13,,,PinSocket_1x02_P2.54mm_Vertical,right LED,tht,True
143.51,-252.73,0.0,top,J2,,,PinSocket_1x19_P2.54mm_Vertical_renumbered,MCU20-38,tht,True
148.59,-285.75,180.0,top,J3,,,PinSocket_1x02_P2.54mm_Vertical,Button,tht,True
147.955,-298.45,180.0,top,J4,,,PinSocket_1x02_P2.54mm_Vertical,Speaker,tht,True
92.71,-288.29,180.0,top,J5,,,PinSocket_1x02_P2.54mm_Vertical,wormdrive motor,tht,True
148.59,-278.13,180.0,top,J6,,,PinSocket_1x03_P2.54mm_Vertical,teeth motor,tht,True
115.57,-252.73,0.0,top,J7,,,PinHeader_1x19_P2.54mm_Vertical,MCU1-19,tht,True
138.43,-252.73,0.0,top,J8,,,PinSocket_1x19_P2.54mm_Vertical_renumbered,MCU20-38,tht,True
106.68,-295.935,-90.0,top,J9,,,PinSocket_1x02_P2.54mm_Vertical,Power,tht,True
161.0,-262.5,-90.0,top,Q1,,,TO-92,Q_NPN_CBE BC337,tht,True
153.0,-262.5,-90.0,top,Q2,,,TO-92,Q_NPN_CBE BC337,tht,True
103.0,-253.0,-90.0,top,Q4,,,TO-92,BC337,tht,True
93.345,-254.0,0.0,top,Q5,,,TO-92,BC327,tht,True
128.27,-270.51,-90.0,top,R1,,,R_Axial_DIN0204_L3.6mm_D1.6mm_P5.08mm_Horizontal,10k,tht,True
153.035,-270.51,-90.0,top,R2,,,R_Axial_DIN0204_L3.6mm_D1.6mm_P5.08mm_Horizontal,1k,tht,True
99.695,-257.81,90.0,top,R3,,,R_Axial_DIN0204_L3.6mm_D1.6mm_P5.08mm_Horizontal,10k,tht,True
99.695,-250.19,180.0,top,R4,,,R_Axial_DIN0204_L3.6mm_D1.6mm_P5.08mm_Horizontal,500,tht,True
107.315,-257.81,90.0,top,R5,,,R_Axial_DIN0204_L3.6mm_D1.6mm_P5.08mm_Horizontal,1k,tht,True
166.37,-267.97,90.0,top,R6,,,R_Axial_DIN0204_L3.6mm_D1.6mm_P5.08mm_Horizontal,220,tht,True
148.59,-267.97,90.0,top,R7,,,R_Axial_DIN0204_L3.6mm_D1.6mm_P5.08mm_Horizontal,220,tht,True
153.67,-280.67,0.0,top,U2,,,DFPlayer,DFPLAYER_MINI,tht,True
97.79,-283.21,0.0,top,U3,,,CERDIP-8_W7.62mm_SideBrazed,L9110,tht,True
