﻿Designator,Quantity,Value,Footprint,Package,MPN,DNP,Mount_Type,Description
"C1, C2",2,"0,1 uF",C_Disc_D5.0mm_W2.5mm_P2.50mm,,,,tht,Unpolarized capacitor
C3,1,10 uF,CP_Radial_D5.0mm_P2.50mm,,,,tht,Polarized capacitor
C5,1,0.1 uF,CP_Radial_D5.0mm_P2.50mm,,,,tht,Polarized capacitor
"J1, J7",2,MCU1-19,PinHeader_1x19_P2.54mm_Vertical,,,,tht,"Generic connector, single row, 01x19, script generated"
J10,1,Touch,PinSocket_1x03_P2.54mm_Vertical,,,,tht,"Generic connector, single row, 01x03, script generated"
J11,1,TFT,PinSocket_1x08_P2.54mm_Vertical,,,,tht,"Generic connector, single row, 01x08, script generated"
J12,1,left LED,PinSocket_1x02_P2.54mm_Vertical,,,,tht,"Generic connector, single row, 01x02, script generated"
J13,1,right LED,PinSocket_1x02_P2.54mm_Vertical,,,,tht,"Generic connector, single row, 01x02, script generated"
"J2, J8",2,MCU20-38,PinSocket_1x19_P2.54mm_Vertical_renumbered,,,,tht,"Generic connector, single row, 01x19, script generated"
J3,1,Button,PinSocket_1x02_P2.54mm_Vertical,,,,tht,"Generic connector, single row, 01x02, script generated"
J4,1,Speaker,PinSocket_1x02_P2.54mm_Vertical,,,,tht,"Generic connector, single row, 01x02, script generated"
J5,1,wormdrive motor,PinSocket_1x02_P2.54mm_Vertical,,,,tht,"Generic connector, single row, 01x02, script generated"
J6,1,teeth motor,PinSocket_1x03_P2.54mm_Vertical,,,,tht,"Generic connector, single row, 01x03, script generated"
J9,1,Power,PinSocket_1x02_P2.54mm_Vertical,,,,tht,"Generic connector, single row, 01x02, script generated"
"Q1, Q2",2,Q_NPN_CBE BC337,TO-92,,,,tht,"NPN transistor, collector/base/emitter"
Q4,1,BC337,TO-92,,,,tht,"NPN transistor, collector/base/emitter"
Q5,1,BC327,TO-92,,,,tht,"PNP transistor, collector/base/emitter"
"R1, R3",2,10k,R_Axial_DIN0204_L3.6mm_D1.6mm_P5.08mm_Horizontal,,,,tht,Resistor
"R2, R5",2,1k,R_Axial_DIN0204_L3.6mm_D1.6mm_P5.08mm_Horizontal,,,,tht,Resistor
R4,1,500,R_Axial_DIN0204_L3.6mm_D1.6mm_P5.08mm_Horizontal,,,,tht,Resistor
"R6, R7",2,220,R_Axial_DIN0204_L3.6mm_D1.6mm_P5.08mm_Horizontal,,,,tht,Resistor
U2,1,DFPLAYER_MINI,DFPlayer,,,,tht,
U3,1,L9110,CERDIP-8_W7.62mm_SideBrazed,,,,tht,
